GGTTATGGAC,ADCYAP1R1
GCCTCCTGGA,ADORA1
TTCGTAGTAC,ADORA2A
AATTCTCTGT,ADORA2B
TGTGCGGATG,ADORA3
CTCCCACACC,ADRA1A
GGTGGGCCGG,ADRA1B
TACTATTCAC,ADRA1D
ACGCTTAGGA,ADRA2A
GGCCAACCGT,ADRA2B
GCGCCGGGCG,ADRA2C
TCATAACTAA,ADRB1
TTGTTGTTCA,ADRB2
CAGCGCCCCG,ADRB3
TACCATACGT,AGTR1
GAACCAGACG,AGTR2
GTGGTTATAT,APJ
ACGTATACCC,AVPR1A
ACACTACCTT,AVPR1B
CGGCGTTTAT,AVPR2
TTAAACGGGC,BB3
GAATCGACTG,BDKBR1
CGGCGAGGAA,BDKBR2
GAACTCACCG,C3AR1
TCCGTCTTTT,C5A
TAATACAGAT,CALCRb
TGCGCGCGGG,CALCRL
ATCGCACCTC,CASR
GTGGCTCACA,CCKAR
ATCTCCTATA,CCKBR
AAGCTGGAGT,CCR10
GCGGGCTCAA,CCR2
TGTGCTCCTG,CCR3
CCGTACCCCC,CCR4
GTTGTCCACA,CCR5
CTTTCAGGAG,CCR6
ATCGGCTGCC,CCR7
AGGTTTTACT,CCR8
TGGCAATGGG,CCRL2
GAGGAACCGA,CD97
AAGACTTGCA,CHRM1
GTGGGAAGGG,CHRM2
CCACCTTTTT,CHRM3
GTTCCACTGT,CHRM4
TGCGCCGGAC,CHRM5
CCGATGCTCC,CMKLR1
TTTCGGTTTA,CNR1
AATTTCGTTT,CNR2
AAGGGTGTGC,CRHR1
CGGTAATTGT,CRHR2
CGAGCAAATT,CX3C1
GGCGAGGCTG,CXCR1
TCCAAAAGCG,CXCR2
TACTATCCCA,CXCR3
TTGGCCTGCC,CXCR4
AAGACCGCGC,CXCR5
ACCTAGACTA,CXCR6
AATTTGTTTT,CXCR7
CAGTGGCTCC,CYSLTR1
TTACGTTGGT,CYSLTR2
AGTTTTCCGT,DRD1
CATGCCGATT,DRD2
GCAGCAACAG,DRD3
CATGTTCGGT,DRD4
GCGACCCAAG,DRD5
TCTTCGCCGG,EDNRA
CAGCGTCAGT,EDNRB
ACGGTCAGGC,ELTD1
ACCGGGGACG,F2R
TGATCGAGGG,F2RL1
CGTAGAGTAA,F2RL2
GTGAGGGGGC,F2RL3
CAAGGAGTCT,FFA1
GAGGCGATTG,FFA2
TGAGGTCTTA,FFA3
ATTGTCTTAA,FPR1
AATGATGAAA,FPR2
CACGCGTGGT,FPR3
TCTAATGCAC,FSHR
AGCGAGAGCA,GABBR1
TGCGGCTGGG,GAL1
CAAGGGCTAA,GAL2
CCAGGCAATC,GAL3
GATTTGGGTC,GCGR
GCGTCGGGAG,GHRHR
AGTTGGGGCG,GHSR
CCGGCCCTAT,GIPR
ATGTAAACTG,GLP1R
CAACTGCGCT,GLP2R
ACTAGCTTCC,GNRHR
TTGCTTTGCC,GPBA
CGGTAATGTG,GPER
CAAATTAACC,GPR1
TGGGAAAGTG,GPR101
TGTAAGGTAA,GPR110
GGCTGGCTAT,GPR111
CCGGACCTAT,GPR113
GTTAGACGGC,GPR114
CTATAGGCGA,GPR115
TCAGGGAGCC,GPR116
GCAGGCGCCC,GPR119
ACTGGCTCAT,GPR12
CAACTACTGA,GPR120
CTGATGTAAG,GPR123
AGTACTGGAT,GPR124
GATCCCTCTT,GPR125
GTCTTTTGGA,GPR126
GACCCCAACT,GPR132
TAGGGGCGCG,GPR133
CCGACCGCCA,GPR135
CCTCGACTGG,GPR141
CTACTGGATA,GPR142
AGAGAGCCGC,GPR143
CAAACATCAT,GPR144
GGTGATCTTT,GPR146
AAGAGAGTTC,GPR148
AATCGAGCGT,GPR149
CATACTGAAG,GPR15
CACTCATTAG,GPR150
TGTATGCCAC,GPR151
TTCATAGGGA,GPR152
TCCCGGGGTT,GPR153
TGAGGCGGGC,GPR156
CCCGTAAGCT,GPR157
TGATCTCTAT,GPR158
CCGCAGACGC,GPR160
TCTTTAAGAA,GPR161
CCACGCAGCG,GPR162
AAGCGTTTAG,GPR17
CGCGGTCGCC,GPR171
AAACCGGCTT,GPR173
ACCGCCTGGC,GPR174
AACGTCCCGG,GPR18
ACGGCTCTCC,GPR182
TCCGCGACAA,GPR183
GGTTAGTCAG,GPR19
CGAATTCACC,GPR20
CTGTTACTAA,GPR21
GGCGCGTAGC,GPR22
GCATTGACAA,GPR25
TGGGATTACA,GPR26
GCTGTAGCCC,GPR27
AGTCCCCACG,GPR3
CTTCTAGTTA,GPR31
TCATTAGTGC,GPR32
TTATCCGTAT,GPR34
GATGATTTGT,GPR35
ATAACGGCAT,GPR37
TTACATTCAG,GPR37L1
GTTTCAGGTT,GPR39
TAATATAAGC,GPR4
ATGCGGCGCC,GPR44
TAAGTCTTAC,GPR45
TTTCGTGACA,GPR50
GCTAGAGGCG,GPR52
ATACAACTAA,GPR55
GGTTACCTCG,GPR56
AGATTCTGAT,GPR6
CGTCTCGTTA,GPR61
TTGGTTGTAG,GPR62
AGGTCGTACA,GPR63
TTCATTGGAA,GPR64
GTTTCCTGTG,GPR65
AATAAAAGGC,GPR68
CAAATTCAAC,GPR75
GTTTGGGCAG,GPR77
AGAATATTAG,GPR78
GCGTATTTAA,GPR82
ATTTTTAAAG,GPR83
AGTATTGAGA,GPR84
CCCGGAGGTG,GPR85
TCAGCTCATT,GPR87
GTTGGCTGGT,GPR88
CCCTATAAGT,GPR97
CGGCTATGCG,GPRC5A
GAGTGCTTGG,GPRC5B
AAGACTGCTA,GPRC5C
TACCGTCATC,GPRC5D
TATTGTTGGT,GPRC6A
CAGCAGTAGC,GRM1
TCTGTTGCGT,GRM2
ACAAATCTGG,GRM4
ATGCGTAACA,GRM5
ACGAGCACCT,GRM6
TGACGTTACA,GRM7
GCTTGGGAGG,GRM8
TTGATATGGG,GRPR
CACGGCAGGA,HCA1
TTGTCAAAAG,HCA2
ATATGCTATT,HCA3
CTTTCTGTAC,HCTR1
AATACAATCC,HCTR2
TTGCAGCTCC,HRH1
TGCCCGTTTG,HRH2
GAGGCTGAAA,HRH3
CTTGAGAGGT,HRH4
TCCGGGTTTA,HTR1A
GTACCCTTAT,HTR1B
CCGAATTCCC,HTR1D
GGTGATTGTT,HTR1E
AACCTCGAGA,HTR1F
CCCTGTGACG,HTR2A
CAAGTTGACT,HTR2B
GCACGTCGGA,HTR2C
AATACCTCCA,HTR4
CTAGTGCAGG,HTR5
CCCACCGCAT,HTR6
GAACACGGTT,HTR7
CGCATGGGCC,KISSPEPTIN-R
ATCGTGCCAA,LHCGR
CATGTGGGGG,LPAR1
TCGTAACTCA,LPAR2
TTACGCCCAT,LPAR4
AGGGGAATGC,LPAR5
CTAATTCTCT,LPAR6
TCAGCGCACG,LTB4R
GCTGTACTTC,LTB4R2B
CGTCGATCAA,MAS1
TAGCAATTAG,MAS1L
GACACGCGCC,MC1R
TGAGTCCCGG,MC2R
GGGGGGGCGA,MC3R
CCAACGCGCT,MC4R
TTCTCTCTGC,MC5R
GCCCACGGAA,MCHR1
CCGTACAACT,MCHR2
GGCAAGTTCA,MLNR
TACTTAGGCT,MRGPRD
CGAGCCGATA,MRGPRE
CGTTAGGGAA,MRGPRF
CCGGTCTCCT,MRGPRG
TGAGTTTGTC,MRGPRX1
ACCACCATTG,MRGPRX2
TACATTTATG,MRGPRX3
CTAACCCATT,MRGPRX4
CGTGGTTTCT,MTNR1A
CCCCTGGCCG,MTNR1B
AGGTTTATAA,NMBR
GGCTGTCTGT,NMUR1
GTTCTCTTAT,NMUR2
GTGATACTCT,NPBW1
GCAAGTCCGA,NPBW2
CCGGCGGGTG,NPFF1
TCAGAGCTGT,NPFF2
AATGGCGGGT,NPS
GGATCTGGGA,NPY1R
GAGAGATGAA,NPY2R
CCGCCCCCTC,NPY4R
ACGCTCGGTC,NPY5R
AGTGGCTAGG,NTSR1
GGAAAGGAAA,NTSR2
TTTATTCCGC,OPN3
GCTGTGTCGG,OPN5
GGTAAGTCTC,OPRD1
GTGCTTCGAT,OPRK1
CGCAACCCAG,OPRL1
GTACCAGTTC,OPRM1
CGCCGTACAG,OXER1
GTAGACACAT,OXGR1
ATGCGAAACC,OXTR
AATTTTGAGC,P2RY1
ATCAAGTGGG,P2RY10
GAGCCGGCCA,P2RY11
GGATTCAGCT,P2RY12
CTGCTGCACA,P2RY13
ACCTCGGCGC,P2RY14
GAGCGTTTTT,P2RY2
AAGTCTTTAC,P2RY4
GCCATTGAGT,P2RY6
GGCTCATTTT,P2RY8
GCGCACAAAC,PK1
CAGCCTCCAA,PK2
CATGAATTAA,PRRP
AATCCATTCG,PTAFR
GCCAGGGCGT,PTGDR
ATGTACGTCC,PTGER1
CTAACAGCCG,PTGER2
AACTTTGGGG,PTGER3
GCGACCACGC,PTGER4
GTCTGAACTA,PTGFR
TGCGGGTGAC,PTGIR
TATTTAATTG,PTH1R
TCCACCGTGT,PTH2R
CGCCATCGGT,QRFP
GTGATAGGGG,RXFP1
AGGGTCCCGG,RXFP2
TCCATAGCTA,RXFP3
ACGTACATAG,RXFP4
AAGGAGCGAG,S1PR1
GACAGGTCAA,S1PR2
GCAATCGAGG,S1PR3
CGAACAATAG,S1PR4
GGGGGAGACC,S1PR5
GGAAGGGGCG,SCTR
ACAATGTGCA,SSTR1
CACGGATACC,SSTR2
ATGCATGGTC,SSTR3
CGCCTCATTC,SSTR4
TCCGCAGGTG,SSTR5
GCGCTTTCAA,SUCNR1
TACTGTCGTT,TA1
GAGTCGGGCG,TAAR2
TCATCGGGGG,TAAR5
TCTAGCACAG,TAAR6
TTCTCGGTTA,TAAR8
CCATACTTCC,TAAR9
GTGGTACACG,TACR1
CCTTTTTTCC,TACR2
CGCTCCGAGG,TACR3
TATTGGATCA,TBXA2R
GAACGACCAG,TSHR
CTTGTAGGTG,UTS2R
TTGAACTCGG,VIPR1
TTGTACGCAG,VIPR2